{
    "MlibObjs": {},
    "cycles_program_begin": 1782568725543480,
    "LVLData": [
        "SIM"
    ],
    "rlimit": {
        "stack": -1,
        "data": -1
    },
    "perf": [
        {
            "stat": [
                "main",
                "entry",
                0.013624191284179688,
                0.031414999999999998,
                0.012629,
                200460,
                200460,
                0.0,
                0.0,
                1663987613.8864851,
                1782568725782940
            ],
            "sub": [
                {
                    "stat": [
                        "doParsingAndDesignResolution",
                        "entry",
                        0.12938499450683594,
                        0.043647999999999999,
                        0.012629,
                        209496,
                        210296,
                        0.0,
                        0.0,
                        1663987614.0022459,
                        1782569072364450
                    ],
                    "sub": []
                },
                {
                    "stat": [
                        "doParsingAndDesignResolution",
                        "exit",
                        0.14663815498352051,
                        0.060866000000000003,
                        0.012629,
                        210808,
                        211456,
                        0.0,
                        0.0,
                        1663987614.0194991,
                        1782569124063750
                    ],
                    "sub": []
                },
                {
                    "stat": [
                        "doPostDesignResolutionToVir2Vcs",
                        "entry",
                        0.14669013023376465,
                        0.060919000000000001,
                        0.012629,
                        210808,
                        211456,
                        0.0,
                        0.0,
                        1663987614.019551,
                        1782569124150450
                    ],
                    "sub": [
                        {
                            "stat": [
                                "doUptoVir2VcsNoSepCleanup",
                                "entry",
                                0.15890097618103027,
                                0.073105000000000003,
                                0.012629,
                                212156,
                                212156,
                                0.0,
                                0.0,
                                1663987614.0317619,
                                1782569160731100
                            ],
                            "sub": []
                        },
                        {
                            "stat": [
                                "doUptoVir2VcsNoSepCleanup",
                                "exit",
                                0.2058720588684082,
                                0.120042,
                                0.012629,
                                213200,
                                225536,
                                0.0,
                                0.0,
                                1663987614.078733,
                                1782569301422520
                            ],
                            "sub": []
                        },
                        {
                            "stat": [
                                "doRadify_vir2vcsAll",
                                "entry",
                                0.20592403411865234,
                                0.12009400000000001,
                                0.012629,
                                213200,
                                225536,
                                0.0,
                                0.0,
                                1663987614.0787849,
                                1782569301510840
                            ],
                            "sub": []
                        },
                        {
                            "stat": [
                                "doRadify_vir2vcsAll",
                                "exit",
                                0.20866703987121582,
                                0.122836,
                                0.012629,
                                213484,
                                225536,
                                0.0,
                                0.0,
                                1663987614.0815279,
                                1782569309756880
                            ],
                            "sub": []
                        }
                    ]
                },
                {
                    "stat": [
                        "doPostDesignResolutionToVir2Vcs",
                        "exit",
                        0.20869612693786621,
                        0.122866,
                        0.012629,
                        213484,
                        225536,
                        0.0,
                        0.0,
                        1663987614.081557,
                        1782569309809020
                    ],
                    "sub": []
                },
                {
                    "stat": [
                        "doGAToPass2",
                        "entry",
                        0.20871210098266602,
                        0.12288200000000001,
                        0.012629,
                        213484,
                        225536,
                        0.0,
                        0.0,
                        1663987614.081573,
                        1782569309854650
                    ],
                    "sub": [
                        {
                            "stat": [
                                "DoPass2",
                                "entry",
                                0.25231313705444336,
                                0.12288200000000001,
                                0.014878000000000001,
                                211928,
                                225536,
                                0.028809999999999999,
                                0.0058799999999999998,
                                1663987614.125174,
                                1782569440561710
                            ],
                            "sub": []
                        },
                        {
                            "stat": [
                                "DoPass2",
                                "exit",
                                0.27901315689086914,
                                0.14438899999999999,
                                0.016115999999999998,
                                215736,
                                225536,
                                0.028809999999999999,
                                0.0098049999999999995,
                                1663987614.1518741,
                                1782569520389910
                            ],
                            "sub": []
                        }
                    ]
                },
                {
                    "stat": [
                        "doGAToPass2",
                        "exit",
                        0.28073501586914062,
                        0.14610500000000001,
                        0.016115999999999998,
                        217668,
                        225536,
                        0.028809999999999999,
                        0.0098049999999999995,
                        1663987614.1535959,
                        1782569525541000
                    ],